date,tesla
2011/01/04,0.1878
2011/01/05,0.5999
2011/01/06,3.9135
2011/01/07,1.2912
2011/01/10,0.7436
2011/01/11,-5.2373
2011/01/13,-2.7448
2011/01/14,-1.7925
2011/01/18,-0.4272
2011/01/19,-6.2793
2011/01/20,-5.8677
2011/01/21,1.8568
2011/01/24,6.2934
2011/01/25,0.7758
2011/01/26,0.2836
2011/01/27,0.6869
2011/01/28,-3.6517
2011/01/31,0.3748
2011/02/01,-0.7884
2011/02/02,0.1255
2011/02/03,-1.2949
2011/02/04,-0.7194
2011/02/07,-1.6624
2011/02/08,6.1552
2011/02/09,-5.2266
2011/02/10,0.0215
2011/02/11,0.1508
2011/02/14,-0.7312
2011/02/15,-1.0399
2011/02/16,8.275
2011/02/17,-4.5693
2011/02/18,-1.7797
2011/02/22,-5.6514
2011/02/23,-0.1829
2011/02/24,3.2066
2011/02/25,4.7936
2011/02/28,1.1859
2011/03/01,0.2093
2011/03/02,0.3342
2011/03/03,1.4155
2011/03/04,2.422
2011/03/07,-0.0401
2011/03/08,-1.1227
2011/03/09,0.2433
2011/03/10,-2.8722
2011/03/11,0.2499
2011/03/14,-3.4067
2011/03/15,-1.2903
2011/03/16,-0.5664
2011/03/17,-0.0438
2011/03/18,0.6576
2011/03/21,-1.0017
2011/03/22,-2.3757
2011/03/23,0.0901
2011/03/24,0.5403
2011/03/25,1.8809
2011/03/28,2.1978
2011/03/29,2.8817
2011/03/30,-0.8779
2011/03/31,17.0392
2011/04/01,-3.9279
2011/04/04,-3.1133
2011/04/05,3.3682
2011/04/06,-0.7865
2011/04/07,2.8313
2011/04/08,-2.7533
2011/04/11,-4.6055
2011/04/12,-2.4535
2011/04/13,1.1359
2011/04/14,0.8424
2011/04/15,1.7502
2011/04/18,-2.1501
2011/04/19,0.5194
2011/04/20,2.345
2011/04/21,3.8447
2011/04/25,-1.3089
2011/04/26,2.0462
2011/04/27,0.557
2011/04/28,2.1418
2011/04/29,-0.2169
2011/05/02,-0.5435
2011/05/03,-2.1129
2011/05/04,-0.6699
2011/05/05,-0.9367
2011/05/06,2.5719
2011/05/09,2.913
2011/05/10,1.5048
2011/05/11,-4.4476
2011/05/12,2.2165
2011/05/13,-0.4337
2011/05/16,-3.4483
2011/05/17,-2.406
2011/05/18,1.5023
2011/05/19,7.0209
2011/05/20,-0.8156
2011/05/23,-4.1115
2011/05/24,-0.3729
2011/05/25,8.4581
2011/05/26,1.7253
2011/05/27,0.2374
2011/05/31,1.9966
2011/06/01,-5.3849
2011/06/02,0.8521
2011/06/03,4.7636
2011/06/06,-4.7461
2011/06/07,-1.1498
2011/06/08,-4.4061
2011/06/09,1.8437
2011/06/10,0.8689
2011/06/13,2.0459
2011/06/14,0.598
2011/06/15,-4.4755
2011/06/16,-3.0015
2011/06/20,-1.8491
2011/06/21,5.8439
2011/06/22,-1.1624
2011/06/23,1.8376
2011/06/24,-0.5233
2011/06/27,-0.3809
2011/06/28,2.3671
2011/06/29,0.6403
2011/06/30,2.9692
2011/07/01,-0.3776
2011/07/05,0.4135
2011/07/06,-0.6177
2011/07/07,2.6588
2011/07/08,-3.0945
2011/07/11,-1.5967
2011/07/12,-0.6349
2011/07/13,1.6684
2011/07/14,-3.5964
2011/07/15,-0.1087
2011/07/18,-1.269
2011/07/19,2.4238
2011/07/20,2.8684
2011/07/21,0.0349
2011/07/22,2.0557
2011/07/25,-2.7313
2011/07/26,-1.7199
2011/07/27,-1.2857
2011/07/28,1.9175
2011/08/01,2.1299
2011/08/02,-4.9705
2011/08/03,-0.5121
2011/08/04,-9.0074
2011/08/05,-2.0606
2011/08/08,-2.4752
2011/08/09,6.0068
2011/08/10,-4.9481
2011/08/11,6.2133
2011/08/12,3.9921
2011/08/15,-0.3041
2011/08/16,-0.4956
2011/08/17,-1.0345
2011/08/18,-6.0782
2011/08/19,-8.0791
2011/08/22,-1.5695
2011/08/23,4.6014
2011/08/24,3.9634
2011/08/25,-3.1839
2011/08/26,2.6828
2011/08/29,4.1298
2011/08/30,-0.3238
2011/08/31,0.4466
2011/09/01,-2.9911
2011/09/02,-3.875
2011/09/06,-0.5635
2011/09/07,3.9233
2011/09/08,-0.9648
2011/09/09,-2.7107
2011/09/12,-0.3918
2011/09/13,5.2448
2011/09/14,1.0797
2011/09/15,1.9721
2011/09/16,3.9484
2011/09/19,-0.1163
2011/09/20,0.9313
2011/09/21,-0.6151
2011/09/22,-0.8511
2011/09/23,2.9263
2011/09/26,-3.26
2011/09/27,2.6254
2011/09/28,-6.1092
2011/09/29,-1.9113
2011/09/30,1.1194
2011/10/03,-2.706
2011/10/04,-0.295
2011/10/05,7.2274
2011/10/06,6.2672
2011/10/07,0.1113
2011/10/10,3.2975
2011/10/11,-0.9684
2011/10/12,0.6882
2011/10/13,0.5036
2011/10/14,0.3937
2011/10/17,-2.246
2011/10/18,3.3552
2011/10/19,-2.717
2011/10/20,-0.8342
2011/10/21,2.5238
2011/10/24,1.8552
2011/10/25,-1.0508
2011/10/26,-0.9558
2011/10/27,2.7877
2011/10/28,3.8595
2011/10/31,-1.6739
2011/11/01,-1.6684
2011/11/02,-0.5886
2011/11/03,13.0617
2011/11/04,-0.4621
2011/11/07,-3.2188
2011/11/08,1.8228
2011/11/09,-3.0151
2011/11/10,1.4573
2011/11/11,7.3731
2011/11/14,-1.2485
2011/11/15,2.1373
2011/11/16,2.9767
2011/11/17,-3.6062
2011/11/18,-3.2067
2011/11/21,-2.5767
2011/11/22,0.9761
2011/11/23,-1.9333
2011/11/25,0.6677
2011/11/28,2.8427
2011/11/29,-2.4877
2011/11/30,3.1181
2011/12/01,-0.4276
2011/12/02,2.1472
2011/12/05,3.3634
2011/12/06,1.3074
2011/12/07,-1.9501
2011/12/08,-9.6519
2011/12/09,0.4856
2011/12/12,-2.0296
2011/12/13,-3.1569
2011/12/14,-3.1239
2011/12/15,0.3155
2011/12/16,-2.1663
2011/12/19,-0.8929
2011/12/20,0.5405
2011/12/21,-1.1828
2011/12/22,0.7254
2011/12/23,0.4681
2011/12/27,2.4014
2011/12/28,-0.21
2011/12/29,0.7717
2011/12/30,-0.5917
2012/01/03,-1.6807
2012/01/04,-1.3177
2012/01/05,-2.1292
2012/01/06,-0.7743
2012/01/09,1.2635
2012/01/10,1.3578
2012/01/11,2.2085
2012/01/12,0.0708
2012/01/13,-19.3274
2012/01/17,16.7179
2012/01/18,0.7895
2012/01/19,-0.1865
2012/01/20,-0.5979
2012/01/23,0.6391
2012/01/24,2.4281
2012/01/25,2.0058
2012/01/26,3.468
2012/01/27,1.3476
2012/01/30,0.8183
2012/01/31,-1.6909
2012/02/01,1.7544
2012/02/02,2.265
2012/02/03,2.9752
2012/02/06,2.0867
2012/02/07,-0.6289
2012/02/08,1.0443
2012/02/09,2.0357
2012/02/10,-4.5427
2012/02/13,1.254
2012/02/14,5.335
2012/02/15,1.2964
2012/02/16,1.7262
2012/02/17,2.3113
2012/02/21,-1.344
2012/02/22,-0.8116
2012/02/23,0.9059
2012/02/24,-2.2589
2012/02/27,-0.3852
2012/02/28,0.5651
2012/02/29,-1.1831
2012/03/01,2.9931
2012/03/02,-1.0753
2012/03/05,-0.7932
2012/03/06,-1.9544
2012/03/07,0.0302
2012/03/08,-0.151
2012/03/09,5.0499
2012/03/12,3.6557
2012/03/13,0.2222
2012/03/14,-2.2167
2012/03/15,-0.8218
2012/03/16,0.9143
2012/03/19,-0.9626
2012/03/20,-0.0572
2012/03/21,0.5435
2012/03/22,-2.1337
2012/03/23,-0.9302
2012/03/26,9.7418
2012/03/27,1.4439
2012/03/28,-0.2372
2012/03/29,-1.3738
2012/03/30,-0.2411
2012/04/02,-1.7723
2012/04/03,3.9092
2012/04/04,-7.919
2012/04/05,-1.4857
2012/04/09,-3.8573
2012/04/10,-2.0814
2012/04/11,1.9409
2012/04/12,1.0577
2012/04/13,0.4486
2012/04/16,-3.9893
2012/04/17,-0.031
2012/04/18,1.3027
2012/04/19,1.5309
2012/04/23,-3.6791
2012/04/24,-0.3757
2012/04/25,3.4255
2012/04/26,1.7624
2012/04/27,-0.4479
2012/04/30,-0.6299
2012/05/01,1.962
2012/05/02,0.4737
2012/05/03,-4.3606
2012/05/04,-1.9409
2012/05/07,2.0107
2012/05/08,-7.0219
2012/05/09,-0.4306
2012/05/10,9.6474
2012/05/11,-2.1541
2012/05/14,-6.7907
2012/05/15,-2.0958
2012/05/16,-0.8495
2012/05/17,-2.0905
2012/05/18,-3.5352
2012/05/21,4.3904
2012/05/22,7.0212
2012/05/23,0.747
2012/05/24,-2.2566
2012/05/25,-1.6821
2012/05/29,6.3066
2012/05/30,-4.0391
2012/05/31,-2.9924
2012/06/01,-4.5763
2012/06/04,-0.9591
2012/06/05,0.1076
2012/06/06,4.6937
2012/06/07,-0.9925
2012/06/08,3.9751
2012/06/11,-3.1915
2012/06/12,1.8544
2012/06/13,0.3709
2012/06/14,-1.2765
2012/06/15,1.7693
2012/06/18,6.4527
2012/06/19,0.7852
2012/06/20,5.2664
2012/06/21,-4.7069
2012/06/22,4.955
2012/06/25,-1.9979
2012/06/26,-4.5304
2012/06/27,1.1072
2012/06/28,-1.7209
2012/06/29,-0.382
2012/07/02,-2.8444
2012/07/03,0.8553
2012/07/05,1.8591
2012/07/06,-0.7685
2012/07/09,1.6134
2012/07/10,-0.6986
2012/07/11,0.7675
2012/07/12,3.7766
2012/07/13,4.7401
2012/07/16,4.9927
2012/07/17,-7.2581
2012/07/18,-3.5982
2012/07/19,0.3733
2012/07/20,-1.4874
2012/07/23,-3.5546
2012/07/24,-2.6745
2012/07/25,-2.9826
2012/07/26,-2.8325
2012/07/27,4.9058
2012/07/30,-7.3196
2012/07/31,0.2559
2012/08/01,-4.267
2012/08/02,-0.5714
2012/08/03,4.4828
2012/08/06,3.667
2012/08/07,7.0039
2012/08/08,-3.8347
2012/08/09,1.1
2012/08/10,1.8021
2012/08/13,4.1082
2012/08/14,-5.6144
2012/08/15,-0.068
2012/08/16,3.0612
2012/08/17,-0.9571
2012/08/20,-1.6661
2012/08/21,-1.3555
2012/08/22,2.8856
2012/08/23,2.6043
2012/08/24,-4.0026
2012/08/27,-4
2012/08/28,1.3065
2012/08/29,-0.9759
2012/08/31,0.3872
2012/09/04,-1.3324
2012/09/05,-0.7107
2012/09/06,2.1832
2012/09/07,2.8021
2012/09/10,-6.7462
2012/09/11,1.5711
2012/09/12,1.7266
2012/09/13,4.2433
2012/09/14,3.0868
2012/09/17,7.0747
2012/09/18,-3.6878
2012/09/19,-0.9253
2012/09/20,-0.4831
2012/09/21,-2.8479
2012/09/24,2.1319
2012/09/25,-9.7847
2012/09/26,-0.4338
2012/09/27,3.4495
2012/09/28,2.7729
2012/10/01,-0.4098
2012/10/02,2.1948
2012/10/03,-1.6779
2012/10/04,0.3413
2012/10/05,-1.7347
2012/10/08,1.2461
2012/10/09,-3.0085
2012/10/10,0.1057
2012/10/11,-0.2817
2012/10/12,-2.4011
2012/10/15,-1.1216
2012/10/16,2.6711
2012/10/17,2.7053
2012/10/18,-2.7034
2012/10/19,-1.0699
2012/10/22,0.3965
2012/10/23,1.939
2012/10/24,-3.4167
2012/10/25,0.3647
2012/10/26,-0.5087
2012/10/31,2.7443
2012/11/01,3.96
2012/11/02,-1.1188
2012/11/05,8.9279
2012/11/06,-1.1111
2012/11/07,1.252
2012/11/08,-0.7292
2012/11/09,-3.1619
2012/11/12,2.4736
2012/11/13,1.7519
2012/11/14,-0.7411
2012/11/15,-1.7846
2012/11/16,3.3092
2012/11/19,3.3923
2012/11/20,0.243
2012/11/21,-1.6061
2012/11/23,-1.0471
2012/11/26,0.4357
2012/11/27,-0.3719
2012/11/28,3.3593
2012/11/29,1.3843
2012/11/30,0.3859
2012/12/03,2.3655
2012/12/04,-2.0797
2012/12/05,-0.5605
2012/12/06,0.5636
2012/12/07,0.7965
2012/12/10,1.1706
2012/12/11,2.0538
2012/12/12,-0.0567
2012/12/13,-4.6795
2012/12/14,0.5951
2012/12/17,1.745
2012/12/18,0.5523
2012/12/19,0.0578
2012/12/20,-0.5201
2012/12/21,-1.2489
2012/12/24,0.8235
2012/12/26,-2.0128
2012/12/27,0.2977
2012/12/28,-1.3951
2012/12/31,1.9567
2013/01/02,4.3992
2013/01/03,-1.6686
2013/01/04,-1.0641
2013/01/07,-0.1744
2013/01/08,-1.922
2013/01/09,-0.1188
2013/01/10,-0.327
2013/01/11,-1.8491
2013/01/14,1.0635
2013/01/15,1.9242
2013/01/16,0.59
2013/01/17,0.8211
2013/01/18,0.4072
2013/01/22,1.9409
2013/01/23,2.3018
2013/01/24,2.75
2013/01/25,-0.027
2013/01/28,2.8394
2013/01/29,-0.2104
2013/01/30,-1.1331
2013/01/31,-0.0267
2013/02/01,2.1061
2013/02/04,-1.4621
2013/02/05,1.0334
2013/02/06,2.7275
2013/02/07,0.7914
2013/02/08,-0.6079
2013/02/11,-2.0897
2013/02/12,-1.3795
2013/02/13,1.478
2013/02/14,-0.3901
2013/02/15,-3.2898
2013/02/19,6.0475
2013/02/20,-1.8839
2013/02/21,-8.7701
2013/02/22,2.7019
2013/02/25,-4.7909
2013/02/26,0.1454
2013/02/27,1.946
2013/02/28,-0.7692
2013/03/01,-0.5168
2013/03/04,2.684
2013/03/05,3.0073
2013/03/06,2.8377
2013/03/07,1.4327
2013/03/08,0.6278
2013/03/11,1.6376
2013/03/12,0.0512
2013/03/13,-0.3579
2013/03/14,-5.4643
2013/03/15,-4.2334
2013/03/18,-0.3967
2013/03/19,-0.1991
2013/03/20,2.48
2013/03/21,0.1669
2013/03/22,1.694
2013/03/25,2.485
2013/03/26,0.8793
2013/03/27,0.7924
2013/03/28,-0.7075
2013/04/01,15.9409
2013/04/02,0.9333
2013/04/03,-7.3072
2013/04/04,2.2141
2013/04/05,-1.5234
2013/04/08,1.1119
2013/04/09,-3.1795
2013/04/10,3.358
2013/04/11,4.1328
2013/04/12,0.3671
2013/04/15,-1.0286
2013/04/16,5.2887
2013/04/17,-0.3071
2013/04/18,3.3443
2013/04/19,1.831
2013/04/22,4.9341
2013/04/23,1.6338
2013/04/24,-1.137
2013/04/25,3.1132
2013/04/26,-1.5385
2013/04/29,7.3047
2013/04/30,-1.7292
2013/05/01,-1.3151
2013/05/02,1.5578
2013/05/03,0.8132
2013/05/06,9.0742
2013/05/07,-6.7059
2013/05/08,0.4981
2013/05/09,24.4029
2013/05/10,10.611
2013/05/13,14.3765
2013/05/14,-5.1936
2013/05/15,1.9246
2013/05/16,8.7292
2013/05/17,-0.8109
2013/05/20,-1.7049
2013/05/21,-2.6129
2013/05/22,-0.3996
2013/05/23,6.293
2013/05/24,4.691
2013/05/28,13.6527
2013/05/29,-5.1707
2013/05/30,0.3068
2013/05/31,-6.8509
2013/06/03,-5.2885
2013/06/04,2.4301
2013/06/05,0.5588
2013/06/06,2.0761
2013/06/07,4.8177
2013/06/10,-1.9502
2013/06/11,-5.5772
2013/06/12,3.4508
2013/06/13,0.4605
2013/06/14,2.1593
2013/06/17,1.8943
2013/06/18,1.1644
2013/06/19,1.2477
2013/06/20,-3.8498
2013/06/21,-1.0929
2013/06/24,1.9488
2013/06/25,0.8966
2013/06/26,3.2422
2013/06/27,3.339
2013/06/28,-1.73
2013/07/01,9.1459
2013/07/02,0.547
2013/07/03,-2.1898
2013/07/05,4.2086
2013/07/08,1.2657
2013/07/09,1.513
2013/07/10,-0.9559
2013/07/11,2.7317
2013/07/12,3.4153
2013/07/15,-2.0323
2013/07/16,-14.3093
2013/07/17,10.2705
2013/07/18,-1.0146
2013/07/19,0.5461
2013/07/22,2.2978
2013/07/23,0.2532
2013/07/24,-0.8473
2013/07/25,1.9474
2013/07/26,4.2879
2013/07/29,4.042
2013/07/30,-2.1394
2013/07/31,1.928
2013/08/01,0.9458
2013/08/02,1.8075
2013/08/05,4.8406
2013/08/06,-1.7487
2013/08/07,-5.5716
2013/08/08,14.3411
2013/08/09,-0.3127
2013/08/12,-3.6732
2013/08/13,-1.3231
2013/08/14,-4.1738
2013/08/15,0.2224
2013/08/16,1.6682
2013/08/19,2.0423
2013/08/20,3.2298
2013/08/21,-1.1499
2013/08/22,6.2492
2013/08/23,3.0165
2013/08/26,1.4712
2013/08/27,1.6989
2013/08/28,-0.3353
2013/08/29,-0.2343
2013/08/30,1.7704
2013/09/03,-0.0355
2013/09/04,0.9956
2013/09/05,-0.4056
2013/09/06,-1.7419
2013/09/09,-3.7552
2013/09/10,3.5283
2013/09/11,-1.713
2013/09/12,0.8623
2013/09/13,0.3699
2013/09/16,0.6282
2013/09/17,-0.2101
2013/09/18,-0.0072
2013/09/19,7.0402
2013/09/20,3.0744
2013/09/23,-1.2433
2013/09/24,0.6736
2013/09/25,1.5949
2013/09/26,1.8366
2013/09/27,1.198
2013/09/30,1.2939
2013/10/01,-0.1913
2013/10/02,-6.2435
2013/10/03,-4.2222
2013/10/04,4.4256
2013/10/07,1.1548
2013/10/08,-4.5556
2013/10/09,-3.4053
2013/10/10,2.4588
2013/10/11,3.3366
2013/10/14,0.5708
2013/10/15,2.3481
2013/10/16,-0.2066
2013/10/17,-0.4129
2013/10/18,0.3271
2013/10/21,-5.8888
2013/10/22,-0.6141
2013/10/23,-4.104
2013/10/24,5.2584
2013/10/25,-2.0156
2013/10/28,-4.008
2013/10/29,0.9886
2013/10/30,-3.1921
2013/10/31,0.4522
2013/11/01,1.3943
2013/11/04,8.0348
2013/11/05,0.9189
2013/11/06,-14.5071
2013/11/07,-7.5337
2013/11/08,-1.3036
2013/11/11,4.8916
2013/11/12,-4.7672
2013/11/13,0.6531
2013/11/14,-0.7931
2013/11/15,-1.5625
2013/11/18,-10.2399
2013/11/19,3.7095
2013/11/20,-3.9496
2013/11/21,0.8174
2013/11/22,-0.5897
2013/11/25,-0.4449
2013/11/26,-0.2814
2013/11/27,5.3444
2013/11/29,0.2678
2013/12/02,-2.4434
2013/12/03,16.5338
2013/12/04,-3.9737
2013/12/05,1.1011
2013/12/06,-2.221
2013/12/09,3.0001
2013/12/10,0.5011
2013/12/11,-1.7863
2013/12/12,5.5997
2013/12/13,0.1248
2013/12/16,0.1937
2013/12/17,3.0553
2013/12/18,-2.9385
2013/12/19,-4.9061
2013/12/20,1.7908
2013/12/23,0.2164
2013/12/24,5.4754
2013/12/26,2.7013
2013/12/27,-2.8167
2013/12/30,0.8735
2013/12/31,-1.3192
2014/01/02,-0.2187
2014/01/03,-0.3598
2014/01/06,-1.7117
2014/01/07,1.6054
2014/01/08,1.2855
2014/01/09,-2.4788
2014/01/10,-1.2269
2014/01/13,-4.3782
2014/01/14,15.7385
2014/01/15,1.7734
2014/01/16,4.1674
2014/01/17,-0.5615
2014/01/21,3.9233
2014/01/22,1.0641
2014/01/23,1.6465
2014/01/24,-3.8017
2014/01/27,-2.8522
2014/01/28,5.1645
2014/01/29,-1.7659
2014/01/30,4.3429
2014/01/31,-0.7821
2014/02/03,-2.3703
2014/02/04,0.9147
2014/02/05,-2.4115
2014/02/06,2.2704
2014/02/07,4.5689
2014/02/10,5.3772
2014/02/11,0.0305
2014/02/12,-0.6612
2014/02/13,2.2066
2014/02/14,-0.7013
2014/02/18,2.7594
2014/02/19,-4.9386
2014/02/20,8.4332
2014/02/21,-0.1762
2014/02/24,3.8406
2014/02/25,13.9444
2014/02/26,2.0161
2014/02/27,-0.1818
2014/02/28,-3.0609
2014/03/03,2.3488
2014/03/04,1.7082
2014/03/05,-0.8554
2014/03/06,0.1108
2014/03/07,-2.6607
2014/03/10,-2.9934
2014/03/11,-1.8548
2014/03/12,3.0203
2014/03/13,-1.5322
2014/03/14,-2.8681
2014/03/17,1.3032
2014/03/18,2.59
2014/03/19,-1.7497
2014/03/20,-0.3943
2014/03/21,-2.5627
2014/03/24,-3.8097
2014/03/25,0.1226
2014/03/26,-3.3932
2014/03/27,-2.6484
2014/03/28,2.4358
2014/03/31,-1.8458
2014/04/01,4.0873
2014/04/02,6.1391
2014/04/03,-2.1234
2014/04/04,-5.8452
2014/04/07,-2.217
2014/04/08,3.8261
2014/04/09,0.6823
2014/04/10,-5.8729
2014/04/11,-0.2008
2014/04/14,-2.7922
2014/04/15,-2.1102
2014/04/16,2.6817
2014/04/17,-0.4972
2014/04/21,3.1597
2014/04/22,6.9772
2014/04/23,-4.871
2014/04/24,-0.0625
2014/04/25,-3.8536
2014/04/28,-0.6705
2014/04/29,4.2366
2014/04/30,0.4688
2014/05/01,-0.077
2014/05/02,1.5308
2014/05/05,2.7026
2014/05/06,-4.3073
2014/05/07,-2.8609
2014/05/08,-11.3037
2014/05/09,2.055
2014/05/12,1.3223
2014/05/13,2.9729
2014/05/14,0.2419
2014/05/15,-1.0649
2014/05/16,1.5748
2014/05/19,2.3648
2014/05/20,-0.4029
2014/05/21,2.1249
2014/05/22,2.7225
2014/05/23,1.1812
2014/05/27,2.055
2014/05/28,-0.6239
2014/05/30,-1.1748
2014/06/02,-1.4776
2014/06/03,0.1172
2014/06/04,-0.4636
2014/06/05,1.4265
2014/06/06,0.6143
2014/06/09,-1.3744
2014/06/10,-1.4661
2014/06/11,1.0727
2014/06/12,-0.4646
2014/06/13,1.4249
2014/06/16,8.8121
2014/06/17,3.1432
2014/06/18,-1.964
2014/06/19,0.295
2014/06/20,0.7902
2014/06/23,3.3233
2014/06/24,-1.9897
2014/06/25,1.8886
2014/06/26,-0.545
2014/06/27,1.4686
2014/06/30,0.4183
2014/07/01,-0.1416
2014/07/02,-4.2946
2014/07/03,-0.0763
2014/07/07,-2.8746
2014/07/08,-1.6123
2014/07/09,1.8213
2014/07/10,-1.6139
2014/07/11,-0.606
2014/07/14,3.9288
2014/07/15,-3.1407
2014/07/16,-1.1021
2014/07/17,-0.8105
2014/07/18,2.1449
2014/07/21,0.2363
2014/07/22,-0.4353
2014/07/23,1.3253
2014/07/24,0.4719
2014/07/25,0.0134
2014/07/28,0.5591
2014/07/29,0.0845
2014/07/30,1.7377
2014/07/31,-2.455
2014/08/01,4.4648
2014/08/04,2.2506
2014/08/05,-0.0126
2014/08/06,4.3776
2014/08/07,1.3899
2014/08/08,-1.6879
2014/08/11,4.5097
2014/08/12,0.2468
2014/08/13,0.1346
2014/08/14,0.411
2014/08/15,0.241
2014/08/18,-0.79
2014/08/19,-1.2234
2014/08/20,-0.4089
2014/08/21,-0.5358
2014/08/22,0.9593
2014/08/25,2.2471
2014/08/26,-0.3085
2014/08/27,0.5769
2014/08/28,0.2317
2014/08/29,2.2133
2014/09/02,5.3467
2014/09/03,-1.0313
2014/09/04,1.7248
2014/09/05,-3.0241
2014/09/08,1.7016
2014/09/09,-1.2867
2014/09/10,0.9408
2014/09/11,-0.281
2014/09/12,-0.396
2014/09/15,-9.0759
2014/09/16,2.7102
2014/09/17,0.2455
2014/09/18,0.9335
2014/09/19,-1.7057
2014/09/22,-3.5824
2014/09/23,0.152
2014/09/24,0.6909
2014/09/25,-2.0584
2014/09/26,-0.1417
2014/09/29,-0.5434
2014/09/30,-1.0519
2014/10/01,-1.0054
2014/10/02,4.6537
2014/10/03,1.5074
2014/10/06,2.1198
2014/10/07,-0.4029
2014/10/08,-0.1117
2014/10/09,-0.8755
2014/10/10,-7.8207
2014/10/13,-5.2003
2014/10/14,1.0998
2014/10/15,1.1627
2014/10/16,-1.4584
2014/10/17,0.4992
2014/10/20,1.3144
2014/10/21,2.1131
2014/10/22,-1.8016
2014/10/23,1.8131
2014/10/24,-0.0213
2014/10/27,-5.7686
2014/10/28,9.5187
2014/10/29,-1.9236
2014/10/30,0.2352
2014/10/31,1.2738
2014/11/03,0.3682
2014/11/04,-1.5087
2014/11/05,-3.3315
2014/11/06,4.4378
2014/11/07,-0.4229
2014/11/10,0.7202
2014/11/11,3.7821
2014/11/12,-0.7886
2014/11/13,1.0438
2014/11/14,2.7731
2014/11/17,-1.8169
2014/11/18,1.4647
2014/11/19,-3.865
2014/11/20,0.3915
2014/11/21,-2.3843
2014/11/24,1.6229
2014/11/25,0.5553
2014/11/26,0.1411
2014/11/28,-1.5778
2014/12/01,-5.2675
2014/12/02,-0.0907
2014/12/03,-0.9204
2014/12/04,-0.4448
2014/12/05,-2.0019
2014/12/08,-4.1795
2014/12/09,1.1803
2014/12/10,-3.2505
2014/12/11,-0.4575
2014/12/12,-0.9
2014/12/15,-1.43
2014/12/16,-3.0533
2014/12/17,4.0493
2014/12/18,6.0441
2014/12/19,0.4719
2014/12/22,1.5094
2014/12/23,-0.7323
2014/12/24,0.5838
2014/12/26,2.5016
2014/12/29,-0.9262
2014/12/30,-1.5418
2014/12/31,0.081
2015/01/02,-1.3938
2015/01/05,-4.2041
2015/01/06,0.5664
2015/01/07,-0.1562
2015/01/08,-0.1588
2015/01/09,-1.8778
2015/01/12,-2.1533
2015/01/13,1.0089
2015/01/14,-5.6597
2015/01/15,-0.4256
2015/01/16,0.6254
2015/01/20,-0.5905
2015/01/21,2.4175
2015/01/22,2.5691
2015/01/23,-0.1637
2015/01/26,2.6131
2015/01/27,-0.276
2015/01/28,-3.209
2015/01/29,2.9242
2015/01/30,-0.7797
2015/02/02,3.6051
2015/02/03,3.5176
2015/02/04,0.087
2015/02/05,1.1164
2015/02/06,-1.6426
2015/02/09,0.0552
2015/02/10,-0.5472
2015/02/11,-1.6136
2015/02/12,-4.6617
2015/02/13,0.4387
2015/02/17,0.2846
2015/02/18,0.0538
2015/02/19,3.5435
2015/02/20,2.5531
2015/02/23,-4.5023
2015/02/24,-1.5555
2015/02/25,-0.1715
2015/02/26,1.6834
2015/02/27,-1.8582
2015/03/02,-2.9581
2015/03/03,1.1326
2015/03/04,1.4407
2015/03/05,-0.8916
2015/03/06,-3.3644
2015/03/09,-1.5473
2015/03/10,-0.2934
2015/03/11,1.797
2015/03/12,-1.3781
2015/03/13,-1.2509
2015/03/16,3.7206
2015/03/17,-0.4957
2015/03/18,3.0709
2015/03/19,-2.5211
2015/03/20,1.242
2015/03/23,0.7825
2015/03/24,1.0469
2015/03/25,-3.6784
2015/03/26,-2.0046
2015/03/27,-2.8387
2015/03/30,3.0108
2015/03/31,-0.9445
2015/04/01,-0.6251
2015/04/02,1.8178
2015/04/06,6.3351
2015/04/07,0.0739
2015/04/08,2.1747
2015/04/09,1.1653
2015/04/10,0.3855
2015/04/13,-0.5311
2015/04/14,-1.1059
2015/04/15,0.1783
2015/04/16,-0.5437
2015/04/17,0.0435
2015/04/20,-0.735
2015/04/21,2.0169
2015/04/22,4.7896
2015/04/23,-0.3828
2015/04/24,-0.0801
2015/04/27,6.0089
2015/04/28,-0.4621
2015/04/29,0.8547
2015/04/30,-2.7533
2015/05/01,-0.0088
2015/05/04,1.982
2015/05/05,1.0585
2015/05/06,-1.0818
2015/05/07,2.7644
2015/05/08,-0.0802
2015/05/11,1.2172
2015/05/12,2.1922
2015/05/13,-0.6374
2015/05/14,0.3783
2015/05/15,1.9418
2015/05/18,-0.0362
2015/05/19,-0.6472
2015/05/20,-1.1289
2015/05/21,0.5197
2015/05/22,0.8591
2015/05/26,-0.111
2015/05/27,-0.0101
2015/05/28,1.6247
2015/05/29,-0.2585
2015/06/01,-0.5383
2015/06/02,-0.441
2015/06/03,0.2577
2015/06/04,-1.233
2015/06/05,1.3094
2015/06/08,2.8699
2015/06/09,-0.1132
2015/06/10,-2.0703
2015/06/11,0.2832
2015/06/12,-0.2864
2015/06/15,-0.1237
2015/06/16,1.0943
2015/06/17,2.8801
2015/06/18,0.5683
2015/06/19,0.2367
2015/06/22,-1.0362
2015/06/23,3.0332
2015/06/24,-0.934
2015/06/25,1.3652
2015/06/26,-0.6325
2015/06/29,-1.8982
2015/06/30,2.3815
2015/07/01,0.3318
2015/07/02,4.0386
2015/07/06,-0.1071
2015/07/07,-4.2328
2015/07/08,-4.8231
2015/07/09,1.161
2015/07/10,0.4769
2015/07/13,1.1615
2015/07/14,1.3312
2015/07/15,-0.9449
2015/07/16,1.3453
2015/07/17,2.9924
2015/07/20,2.7671
2015/07/21,-5.4878
2015/07/22,0.4123
2015/07/23,-0.2501
2015/07/24,-0.6699
2015/07/27,-4.672
2015/07/28,4.6678
2015/07/29,-0.3776
2015/07/30,1.1258
2015/07/31,-0.2399
2015/08/03,-2.3145
2015/08/04,2.4193
2015/08/05,1.4458
2015/08/06,-8.8846
2015/08/07,-1.4708
2015/08/10,-0.5649
2015/08/11,-1.5634
2015/08/12,0.337
2015/08/13,1.8222
2015/08/14,0.2639
2015/08/17,4.8694
2015/08/18,2.2471
2015/08/19,-2.098
2015/08/20,-5.1205
2015/08/21,-4.7114
2015/08/24,-5.1566
2015/08/25,0.53
2015/08/26,2.1861
2015/08/27,8.0724
2015/08/28,2.2594
2015/08/31,0.2334
2015/09/01,-4.1877
2015/09/02,3.7967
2015/09/03,-0.8559
2015/09/04,-1.4823
2015/09/08,2.5793
2015/09/09,0.2982
2015/09/10,-0.1728
2015/09/11,0.7083
2015/09/14,1.1789
2015/09/15,0.1501
2015/09/16,3.4231
2015/09/17,-0.0686
2015/09/18,-0.5533
2015/09/21,1.3736
2015/09/22,-1.2339
2015/09/23,0.046
2015/09/24,0.7891
2015/09/25,-2.3601
2015/09/28,-3.3008
2015/09/29,-0.7165
2015/09/30,0.7095
2015/10/01,-3.43
2015/10/02,3.2058
2015/10/05,-0.5736
2015/10/06,-1.9053
2015/10/07,-3.9344
2015/10/08,-2.259
2015/10/09,-2.6597
2015/10/12,-2.3155
2015/10/13,1.7024
2015/10/14,-1.081
2015/10/15,2.0426
2015/10/16,2.5756
2015/10/19,0.4802
2015/10/20,-6.6068
2015/10/21,-1.3801
2015/10/22,0.7759
2015/10/23,-1.2422
2015/10/26,2.9509
2015/10/27,-2.281
2015/10/28,1.2408
2015/10/29,-0.6245
2015/10/30,-2.2209
2015/11/02,3.3151
2015/11/03,-2.5446
2015/11/04,11.1735
2015/11/05,0.0604
2015/11/06,0.2546
2015/11/09,-3.0255
2015/11/10,-3.9187
2015/11/11,1.1917
2015/11/12,-2.8026
2015/11/13,-2.7003
2015/11/16,3.4365
2015/11/17,-0.1447
2015/11/18,3.3037
2015/11/19,0.3302
2015/11/20,-0.807
2015/11/23,-1.0272
2015/11/24,0.2296
2015/11/25,5.2188
2015/11/27,0.8579
2015/11/30,-0.5829
2015/12/01,3.0096
2015/12/02,-2.1923
2015/12/03,0.3104
2015/12/04,-1.0012
2015/12/07,0.3255
2015/12/08,-1.908
2015/12/09,-0.9704
2015/12/10,1.1358
2015/12/11,-4.4259
2015/12/14,0.7188
2015/12/15,1.1483
2015/12/16,6.0699
2015/12/17,-0.4776
2015/12/18,-1.2554
2015/12/21,0.9112
2015/12/22,-1.1223
2015/12/23,-0.1087
2015/12/24,0.3788
2015/12/28,-0.7026
2015/12/29,3.599
2015/12/30,0.3794
2015/12/31,0.8064
2016/01/04,-6.9164
2016/01/05,0.009
2016/01/06,-1.9648
2016/01/07,-1.5477
2016/01/08,-2.1563
2016/01/11,-1.4929
2016/01/12,1.02
2016/01/13,-4.6007
2016/01/14,2.9305
2016/01/15,-0.5772
2016/01/19,-0.1317
2016/01/20,-2.9406
2016/01/21,0.6392
2016/01/22,1.2902
2016/01/25,-3.0462
2016/01/26,-1.436
2016/01/27,-2.8363
2016/01/28,0.8667
2016/01/29,0.7907
2016/02/01,3.0021
2016/02/02,-7.19
2016/02/03,-5.0881
2016/02/04,1.0664
2016/02/05,-7.2606
2016/02/08,-8.9852
2016/02/09,0.1757
2016/02/10,-3.0894
2016/02/11,4.7331
2016/02/12,0.3788
2016/02/16,2.7344
2016/02/17,8.7066
2016/02/18,-1.1323
2016/02/19,-0.1139
2016/02/22,6.6995
2016/02/23,-0.2982
2016/02/24,1.0101
2016/02/25,4.7095
2016/02/26,1.5526
2016/02/29,0.8353
2016/03/01,-2.9073
2016/03/02,1.0679
2016/03/03,3.9291
2016/03/04,2.7077
2016/03/07,2.114
2016/03/08,-1.3103
2016/03/09,3.0207
2016/03/10,-1.6961
2016/03/11,1.1307
2016/03/14,3.6867
2016/03/15,1.4827
2016/03/16,1.6442
2016/03/17,2.0051
2016/03/18,2.8094
2016/03/21,2.3975
2016/03/22,-1.712
2016/03/23,-4.9778
2016/03/24,2.3228
2016/03/28,1.1021
2016/03/29,-0.0565
2016/03/30,-1.4079
2016/03/31,1.2693
2016/04/01,3.4034
2016/04/04,3.9564
2016/04/05,3.4333
2016/04/06,3.8948
2016/04/07,-3.097
2016/04/08,-2.7722
2016/04/11,-0.06
2016/04/12,-0.8403
2016/04/13,2.7076
2016/04/14,-1.049
2016/04/15,1.0522
2016/04/18,-0.2475
2016/04/19,-2.5642
2016/04/20,1.0511
2016/04/21,-0.6721
2016/04/22,2.199
2016/04/25,-0.7606
2016/04/26,0.7624
2016/04/27,-0.8946
2016/04/28,-1.4952
2016/04/29,-2.8057
2016/05/02,0.432
2016/05/03,-3.9206
2016/05/04,-4.2011
2016/05/05,-4.956
2016/05/06,1.6073
2016/05/09,-2.7963
2016/05/10,-0.1101
2016/05/11,0.1294
2016/05/12,-0.804
2016/05/13,0.1592
2016/05/16,0.3275
2016/05/17,-1.7428
2016/05/18,3.1809
2016/05/19,1.9132
2016/05/20,2.3558
2016/05/23,-1.8431
2016/05/24,0.7816
2016/05/25,0.7664
2016/05/26,2.523
2016/05/27,-0.924
2016/05/31,0.0852
2016/06/01,-1.644
2016/06/02,-0.2733
2016/06/03,0.0137
2016/06/06,0.7717
2016/06/07,5.2837
2016/06/08,1.3687
2016/06/09,-2.6155
2016/06/10,-4.6085
2016/06/13,-0.4205
2016/06/14,-1.3357
2016/06/15,1.2747
2016/06/16,0.1056
2016/06/17,-1.1288
2016/06/20,1.9632
2016/06/21,-0.041
2016/06/22,-10.4503
2016/06/23,-0.1322
2016/06/24,-1.6548
2016/06/27,2.7958
2016/06/28,1.6318
2016/06/29,4.1627
2016/06/30,0.9943
2016/07/01,1.9879
2016/07/05,-1.164
2016/07/06,0.215
2016/07/07,0.6995
2016/07/08,0.389
2016/07/11,3.6904
2016/07/12,-0.0578
2016/07/13,-0.9437
2016/07/14,-0.4494
2016/07/15,-0.5101
2016/07/18,2.6543
2016/07/19,-0.4376
2016/07/20,1.3762
2016/07/21,-3.4419
2016/07/22,0.8027
2016/07/25,3.4823
2016/07/26,-0.2174
2016/07/27,-0.4444
2016/07/28,0.9278
2016/07/29,1.8126
2016/08/01,-2.0359
2016/08/02,-1.2217
2016/08/03,-0.6206
2016/08/04,2.1347
2016/08/05,-0.2515
2016/08/08,-1.6824
2016/08/09,1.2911
2016/08/10,-1.4973
2016/08/11,-0.3279
2016/08/12,0.3112
2016/08/15,-0.0089
2016/08/16,-0.8777
2016/08/17,-0.1655
2016/08/18,0.1209
2016/08/19,0.6666
2016/08/22,-0.92
2016/08/23,0.8568
2016/08/24,-0.9874
2016/08/25,-0.7457
2016/08/26,-0.439
2016/08/29,-2.1774
2016/08/30,-1.7937
2016/08/31,0.317
2016/09/01,-5.3016
2016/09/02,-1.4893
2016/09/06,2.5533
2016/09/07,-0.5522
2016/09/08,-2.1566
2016/09/09,-1.4643
2016/09/12,1.9695
2016/09/13,-1.1346
2016/09/14,0.1836
2016/09/15,2.0416
2016/09/16,2.4848
2016/09/19,0.4576
2016/09/20,-0.8239
2016/09/21,0.2834
2016/09/22,0.5896
2016/09/23,0.4941
2016/09/26,0.7423
2016/09/27,-1.5216
2016/09/28,0.2235
2016/09/29,-2.7003
2016/09/30,1.6592
2016/10/03,4.7395
2016/10/04,-1.0716
2016/10/05,-1.3954
2016/10/06,-3.5786
2016/10/07,-2.1841
2016/10/10,2.2074
2016/10/11,-0.423
2016/10/12,0.7046
2016/10/13,-0.6302
2016/10/14,-1.8628
2016/10/17,-1.2976
2016/10/18,2.65
2016/10/19,2.2401
2016/10/20,-2.191
2016/10/21,0.4972
2016/10/24,1.3344
2016/10/25,-0.2071
2016/10/26,-0.0494
2016/10/27,0.8752
2016/10/28,-1.9803
2016/10/31,-1.1202
2016/11/01,-3.5098
2016/11/02,-1.4519
2016/11/03,-0.3191
2016/11/04,1.6754
2016/11/07,1.3906
2016/11/08,0.8954
2016/11/09,-2.5033
2016/11/10,-2.4782
2016/11/11,1.7319
2016/11/14,-3.7707
2016/11/15,1.2786
2016/11/16,0.0871
2016/11/17,2.5716
2016/11/18,-1.9294
2016/11/21,-0.2702
2016/11/22,3.6039
2016/11/23,1.0305
2016/11/25,1.8173
2016/11/28,-0.2695
2016/11/29,-3.3398
2016/11/30,-0.0897
2016/12/01,-3.9704
2016/12/02,-0.2254
2016/12/05,2.9371
2016/12/06,-0.5086
2016/12/07,3.9279
2016/12/08,-0.4452
2016/12/09,-0.0572
2016/12/12,0.1301
2016/12/13,2.9725
2016/12/14,0.2725
2016/12/15,-0.5587
2016/12/16,2.4851
2016/12/19,0.1185
2016/12/20,2.9892
2016/12/21,-0.5221
2016/12/22,0.3611
2016/12/23,2.3459
2016/12/27,2.9015
2016/12/28,0.0957
2016/12/29,-2.3027
2016/12/30,-0.4612
2017/01/03,1.5443
2017/01/04,4.6085
2017/01/05,-0.1057
2017/01/06,0.9967
2017/01/09,0.9912
2017/01/10,-0.6097
2017/01/11,-0.0609
2017/01/12,-0.0609
2017/01/13,3.5542
2017/01/17,-0.9127
2017/01/18,1.1801
2017/01/19,2.2655
2017/01/20,0.3979
2017/01/23,1.7121
2017/01/24,2.2859
2017/01/25,-0.055
2017/01/26,-0.7702
2017/01/27,0.1743
2017/01/30,-0.9172
2017/01/31,0.5187
2017/02/01,-1.0678
2017/02/02,0.9268
2017/02/03,-0.0875
2017/02/06,2.5624
2017/02/07,-0.1125
2017/02/08,1.7865
2017/02/09,2.7167
2017/02/10,0.0111
2017/02/13,4.2232
2017/02/14,0.1354
2017/02/15,-0.4342
2017/02/16,-3.864
2017/02/17,1.2196
2017/02/21,1.8955
2017/02/22,-1.3988
2017/02/23,-6.4056
2017/02/24,0.3945
2017/02/27,-4.1907
2017/02/28,1.527
2017/03/01,0.012
2017/03/02,0.184
2017/03/03,0.4352
2017/03/06,-0.1431
2017/03/07,-1.043
2017/03/08,-0.6919
2017/03/09,-0.798
2017/03/10,-0.4941
2017/03/13,1.0177
2017/03/14,4.8056
2017/03/15,-0.8798
2017/03/16,2.4714
2017/03/17,-0.2099
2017/03/20,0.1606
2017/03/21,-4.2914
2017/03/22,1.7273
2017/03/23,-0.0902
2017/03/24,3.2891
2017/03/27,2.6828
2017/03/28,2.6756
2017/03/29,-0.0252
2017/03/30,0.1947
2017/03/31,0.1367
2017/04/03,7.2655
2017/04/04,1.7352
2017/04/05,-2.8647
2017/04/06,1.2542
2017/04/07,1.2856
2017/04/10,3.2558
2017/04/11,-1.178
2017/04/12,-3.845
2017/04/13,2.4121
2017/04/17,-0.8421
2017/04/18,-0.3948
2017/04/19,1.7552
2017/04/20,-0.9852
2017/04/21,1.0215
2017/04/24,0.7952
2017/04/25,1.8699
2017/04/26,-1.1536
2017/04/27,-0.4965
2017/04/28,1.7626
2017/05/01,2.7892
2017/05/02,-1.2205
2017/05/03,-2.4679
2017/05/04,-5.0029
2017/05/05,4.3627
2017/05/08,-0.3762
2017/05/09,4.5802
2017/05/10,1.2326
2017/05/11,-0.6519
2017/05/12,0.5292
2017/05/15,-2.7493
2017/05/16,0.3577
2017/05/17,-3.4384
2017/05/18,2.2704
2017/05/19,-0.7123
2017/05/22,-0.1544
2017/05/23,-2.0912
2017/05/24,2.0931
2017/05/25,2.1307
2017/05/26,2.6229
2017/05/30,3.0633
2017/05/31,1.7637
2017/06/01,-0.1877
2017/06/02,-0.1528
2017/06/05,2.198
2017/06/06,1.5922
2017/06/07,1.9272
2017/06/08,2.8778
2017/06/09,-3.427
2017/06/12,0.473
2017/06/13,4.7185
2017/06/14,1.2528
2017/06/15,-1.3976
2017/06/16,-1.0497
2017/06/19,-0.4308
2017/06/20,0.6598
2017/06/21,1.1176
2017/06/22,1.6498
2017/06/23,0.2195
2017/06/26,-1.5543
2017/06/27,-4.0054
2017/06/28,2.4478
2017/06/29,-2.8257
2017/06/30,0.2384
2017/07/03,-2.4861
2017/07/05,-7.2401
2017/07/06,-5.5826
2017/07/07,1.4215
2017/07/10,0.9035
2017/07/11,3.5343
2017/07/12,0.7029
2017/07/13,-1.8542
2017/07/14,1.3512
2017/07/17,-2.5047
2017/07/18,2.713
2017/07/19,-0.9079
2017/07/20,1.4327
2017/07/21,-0.4607
2017/07/24,4.2996
2017/07/25,-0.8525
2017/07/26,1.2515
2017/07/27,-2.7308
2017/07/28,0.1824
2017/07/31,-3.462
2017/08/01,-1.2057
2017/08/02,1.9777
2017/08/03,6.5053
2017/08/04,2.8292
2017/08/07,-0.4875
2017/08/08,2.8296
2017/08/09,-0.4627
2017/08/10,-2.2364
2017/08/11,0.695
2017/08/14,1.657
2017/08/15,-0.4041
2017/08/16,0.1601
2017/08/17,-3.0283
2017/08/18,-1.2673
2017/08/21,-2.7629
2017/08/22,1.033
2017/08/23,3.3455
2017/08/24,0.0454
2017/08/25,-1.3827
2017/08/28,-0.6867
2017/08/29,0.4918
2017/08/30,1.6755
2017/08/31,0.7701
2017/09/01,-0.1405
2017/09/05,-1.6348
2017/09/06,-1.4474
2017/09/07,1.7647
2017/09/08,-2.0564
2017/09/11,5.9086
2017/09/12,-0.2585
2017/09/13,0.9593
2017/09/14,3.1155
2017/09/15,0.5746
2017/09/18,1.3665
2017/09/19,-2.5714
2017/09/20,-0.3172
2017/09/21,-1.9871
2017/09/22,-4.1994
2017/09/25,-1.7374
2017/09/26,0.0754
2017/09/27,-1.2397
2017/09/28,-0.4018
2017/09/29,0.4417
2017/10/02,0.1261
2017/10/03,1.9354
2017/10/04,1.9733
2017/10/05,0.0901
2017/10/06,0.4362
2017/10/09,-3.9061
2017/10/10,3.6887
2017/10/11,-0.2784
2017/10/12,0.3046
2017/10/13,-0.0309
2017/10/16,-1.3978
2017/10/17,1.4689
2017/10/18,1.0963
2017/10/19,-2.1799
2017/10/20,-1.9073
2017/10/23,-2.3414
2017/10/24,0.0949
2017/10/25,-3.409
2017/10/26,0.1013
2017/10/27,-1.6249
2017/10/30,-0.2462
2017/10/31,3.5772
2017/11/01,-3.1521
2017/11/02,-6.7958
2017/11/03,2.2823
2017/11/06,-1.0814
2017/11/07,1.08
2017/11/08,-0.5424
2017/11/09,-0.4599
2017/11/13,4.0958
2017/11/14,-2.1243
2017/11/15,0.8422
2017/11/16,0.3855
2017/11/17,0.816
2017/11/20,-2.0029
2017/11/21,2.9377
2017/11/22,-1.6393
2017/11/24,0.9437
2017/11/27,0.3993
2017/11/28,0.2336
2017/11/29,-3.1523
2017/11/30,0.426
2017/12/01,-0.7512
2017/12/04,-0.4339
2017/12/05,-0.4915
2017/12/06,3.1478
2017/12/07,-0.6448
2017/12/08,1.2498
2017/12/11,4.3728
2017/12/12,3.6849
2017/12/13,-0.5865
2017/12/14,-0.3363
2017/12/15,1.6455
2017/12/18,-1.3335
2017/12/19,-2.2929
2017/12/20,-0.6403
2017/12/21,0.8146
2017/12/22,-1.9478
2017/12/26,-2.4323
2017/12/27,-1.7807
2017/12/28,1.1937
2017/12/29,-1.2716
2018/01/02,2.9485
2018/01/03,-1.0233
2018/01/04,-0.829
2018/01/05,0.623
2018/01/08,6.2638
2018/01/09,-0.8085
2018/01/10,0.3326
2018/01/11,0.9409
2018/01/12,-0.5119
2018/01/16,1.1421
2018/01/17,2.0879
2018/01/18,-0.7461
2018/01/19,1.5817
2018/01/22,0.44
2018/01/23,0.3499
2018/01/24,-1.9558
2018/01/25,-2.3852
2018/01/26,1.5431
2018/01/29,1.9484
2018/01/30,-1.0614
2018/01/31,2.455
2018/02/01,-1.4281
2018/02/02,-1.5748
2018/02/05,-3.0895
2018/02/06,0.2522
2018/02/07,3.3027
2018/02/08,-8.629
2018/02/09,-1.5259
2018/02/12,1.7106
2018/02/13,2.5116
2018/02/14,-0.4171
2018/02/15,3.6471
2018/02/16,0.4266
2018/02/20,-0.2146
2018/02/21,-0.4391
2018/02/22,3.8614
2018/02/23,1.6986
2018/02/26,1.5254
2018/02/27,-1.799
2018/02/28,-2.2593
2018/03/01,-3.5358
2018/03/02,1.2661
2018/03/05,-0.5282
2018/03/06,-1.5449
2018/03/07,1.2492
2018/03/08,-0.963
2018/03/09,-0.5864
2018/03/12,5.6056
2018/03/13,-1.0622
2018/03/14,-4.4495
2018/03/15,-0.3153
2018/03/16,-1.3053
2018/03/19,-2.4241
2018/03/20,-0.9599
2018/03/21,1.9256
2018/03/22,-2.3473
2018/03/23,-2.4458
2018/03/26,0.8755
2018/03/27,-8.2188
2018/03/28,-7.6653
2018/03/29,3.2392
2018/04/02,-5.1291
2018/04/03,5.9609
2018/04/04,7.2553
2018/04/05,6.5449
2018/04/06,-2.1
2018/04/09,-3.2208
2018/04/10,5.1923
2018/04/11,-1.2373
2018/04/12,-2.2763
2018/04/13,2.1287
2018/04/16,-3.0399
2018/04/17,-1.2087
2018/04/18,1.9674
2018/04/19,2.2942
2018/04/20,-3.2791
2018/04/23,-2.367
2018/04/24,0.0318
2018/04/25,-0.9772
2018/04/26,1.7065
2018/04/27,3.0107
2018/04/30,-0.0595
2018/05/01,2.0483
2018/05/02,0.4101
2018/05/03,-5.5454
2018/05/04,3.389
2018/05/07,2.9515
2018/05/08,-0.2642
2018/05/09,1.6161
2018/05/10,-0.5964
2018/05/11,-1.2983
2018/05/14,-3.0193
2018/05/15,-2.6681
2018/05/16,0.8093
2018/05/17,-0.6772
2018/05/18,-2.7132
2018/05/21,2.7708
2018/05/22,-3.3323
2018/05/23,1.4763
2018/05/24,-0.4372
2018/05/25,0.3599
2018/05/29,1.7608
2018/05/30,2.8052
2018/05/31,-2.3961
2018/06/01,2.4901
2018/06/04,1.686
2018/06/05,-1.8905
2018/06/06,9.7448
2018/06/07,-1.0673
2018/06/08,0.4967
2018/06/11,4.5457
2018/06/12,3.2129
2018/06/13,0.5864
2018/06/14,3.7531
2018/06/15,0.1258
2018/06/18,3.5346
2018/06/19,-4.9295
2018/06/20,2.7429
2018/06/21,-4.0611
2018/06/22,-3.9941
2018/06/25,-0.1858
2018/06/26,2.6996
2018/06/27,0.731
2018/06/28,1.5762
2018/06/29,-1.9947
2018/07/02,-2.2977
2018/07/03,-7.2254
2018/07/05,-0.5469
2018/07/06,-0.0841
2018/07/09,3.111
2018/07/10,1.2433
2018/07/11,-1.0885
2018/07/12,-0.7054
2018/07/13,0.682
2018/07/16,-2.7503
2018/07/17,4.06
2018/07/18,0.3595
2018/07/19,-1.1178
2018/07/20,-2.0766
2018/07/23,-3.3102
2018/07/24,-1.903
2018/07/25,3.8026
2018/07/26,-0.6769
2018/07/27,-3.0882
2018/07/30,-2.3588
2018/07/31,2.7467
2018/08/01,0.9056
2018/08/02,16.188
2018/08/03,-0.3919
2018/08/06,-1.775
2018/08/07,10.9886
2018/08/08,-2.4317
2018/08/09,-4.8307
2018/08/10,0.8625
2018/08/13,0.2588
2018/08/14,-2.4606
2018/08/15,-2.5745
2018/08/16,-0.9566
2018/08/17,-8.9283
2018/08/20,0.9624
2018/08/21,4.3639
2018/08/22,-0.0808
2018/08/23,-0.4788
2018/08/24,0.8497
2018/08/27,-1.0997
2018/08/28,-2.3209
2018/08/29,-2.1965
2018/08/30,-0.6098
2018/08/31,-0.4915
2018/09/04,-4.2134
2018/09/05,-2.8413
2018/09/06,0.0748
2018/09/07,-6.3036
2018/09/10,8.4562
2018/09/11,-2.1226
2018/09/12,3.9722
2018/09/13,-0.3717
2018/09/14,1.983
2018/09/17,-0.122
2018/09/18,-3.351
2018/09/19,4.934
2018/09/20,-0.2308
2018/09/21,0.2581
2018/09/24,0.1939
2018/09/25,0.4371
2018/09/26,2.8539
2018/09/27,-0.6654
2018/09/28,-13.9015
2018/10/01,17.3471
2018/10/02,-3.1155
2018/10/03,-2.0663
2018/10/04,-4.3996
2018/10/05,-7.0539
2018/10/08,-4.3482
2018/10/09,4.8851
2018/10/10,-2.2527
2018/10/11,-1.8102
2018/10/12,2.5968
2018/10/15,0.313
2018/10/16,6.5488
2018/10/17,-1.739
2018/10/18,-2.8957
2018/10/19,-1.4816
2018/10/22,0.3654
2018/10/23,12.7189
2018/10/24,-1.9175
2018/10/25,9.1369
2018/10/26,5.0943
2018/10/29,1.1937
2018/10/30,-1.4783
2018/10/31,2.2492
2018/11/01,2.0633
2018/11/02,0.6187
2018/11/05,-1.4463
2018/11/06,-0.0996
2018/11/07,2.0817
2018/11/08,0.9306
2018/11/09,-0.2533
2018/11/12,-5.4863
2018/11/13,2.2489
2018/11/14,1.5558
2018/11/15,1.2907
2018/11/16,1.6847
2018/11/19,-0.2371
2018/11/20,-1.6918
2018/11/21,-2.6763
2018/11/23,-3.6548
2018/11/26,6.1903
2018/11/27,-0.6012
2018/11/28,1.1485
2018/11/29,-1.926
2018/11/30,2.7288
2018/12/03,2.2854
2018/12/04,0.3375
2018/12/06,0.9341
2018/12/07,-1.4033
2018/12/10,2.0072
2018/12/11,0.4409
2018/12/12,-0.0436
2018/12/13,2.7796
2018/12/14,-2.9406
2018/12/17,-4.7278
2018/12/18,-3.269
2018/12/19,-1.2046
2018/12/20,-5.2828
2018/12/21,1.392
2018/12/24,-7.6242
2018/12/26,10.393
2018/12/27,-3.0544
2018/12/28,5.6116
2018/12/31,-0.3205
2019/01/02,-6.8149
2019/01/03,-3.1472
2019/01/04,5.7697
2019/01/07,5.4361
2019/01/08,0.1164
2019/01/09,0.9483
2019/01/10,1.9023
2019/01/11,0.6638
2019/01/14,-3.7033
2019/01/15,2.9994
2019/01/16,0.4703
2019/01/17,0.3641
2019/01/18,-12.9711
2019/01/22,-1.105
2019/01/23,-3.7903
2019/01/24,1.3631
2019/01/25,1.897
2019/01/28,-0.2222
2019/01/29,0.3644
2019/01/30,3.8022
2019/01/31,-0.5668
2019/02/01,1.6904
2019/02/04,0.2178
2019/02/05,2.7038
2019/02/06,-1.2852
2019/02/07,-3.061
2019/02/08,-0.5561
2019/02/11,2.3022
2019/02/12,-0.3292
2019/02/13,-1.1674
2019/02/14,-1.4278
2019/02/15,1.353
2019/02/19,-0.7276
2019/02/20,-1.0077
2019/02/21,-3.7447
2019/02/22,1.1949
2019/02/25,1.3776
2019/02/26,-0.3046
2019/02/27,5.6671
2019/02/28,1.6331
2019/03/01,-7.8436
2019/03/04,-3.1989
2019/03/05,-3.0908
2019/03/06,-0.1085
2019/03/07,0.1267
2019/03/08,2.7297
2019/03/11,2.3861
2019/03/12,-2.5987
2019/03/13,1.9763
2019/03/14,0.3461
2019/03/15,-5.011
2019/03/18,-2.1566
2019/03/19,-0.7496
2019/03/20,2.2918
2019/03/21,0.1535
2019/03/22,-3.4633
2019/03/25,-1.5537
2019/03/26,2.8224
2019/03/27,2.6366
2019/03/28,1.379
2019/03/29,0.4451
2019/04/01,3.3302
2019/04/02,-1.1412
2019/04/03,2.0743
2019/04/04,-8.2348
2019/04/05,2.6813
2019/04/08,-0.6401
2019/04/09,-0.3258
2019/04/10,1.3771
2019/04/11,-2.7675
2019/04/12,-0.2682
2019/04/15,-0.4931
2019/04/16,2.6203
2019/04/17,-0.7792
2019/04/18,0.7484
2019/04/22,-3.8462
2019/04/23,0.4377
2019/04/24,-1.9856
2019/04/25,-4.2643
2019/04/26,-5.0438
2019/04/29,2.692
2019/04/30,-1.1513
2019/05/01,-1.9607
2019/05/02,4.3118
2019/05/03,4.4777
2019/05/06,0.1216
2019/05/07,-3.2427
2019/05/08,-0.8986
2019/05/09,-1.1681
2019/05/10,-1.0166
2019/05/13,-5.2229
2019/05/14,2.3347
2019/05/15,-0.155
2019/05/16,-1.5607
2019/05/17,-7.5768
2019/05/20,-2.6868
2019/05/21,-0.1363
2019/05/22,-6.022
2019/05/23,1.4321
2019/05/24,-2.4861
2019/05/28,-1.0124
2019/05/29,0.6147
2019/05/30,-0.8638
2019/05/31,-1.6258
2019/06/03,-3.3431
2019/06/04,8.1746
2019/06/05,1.5444
2019/06/06,4.7612
2019/06/07,-0.7041
2019/06/10,4.0978
2019/06/11,1.9823
2019/06/12,-3.6112
2019/06/13,2.2221
2019/06/14,0.4722
2019/06/17,4.7041
2019/06/18,-0.1289
2019/06/19,0.752
2019/06/20,-3.0076
2019/06/21,1.0199
2019/06/24,0.8023
2019/06/25,-1.7349
2019/06/26,-0.223
2019/06/27,1.6281
2019/06/28,0.2782
2019/07/01,1.6603
2019/07/02,-1.1533
2019/07/03,4.6092
2019/07/05,-0.7663
2019/07/08,-1.184
2019/07/09,-0.1216
2019/07/10,3.8512
2019/07/11,-0.1339
2019/07/12,2.7158
2019/07/15,3.4356
2019/07/16,-0.4418
2019/07/17,0.9826
2019/07/18,-0.5179
2019/07/19,1.8301
2019/07/22,-0.9683
2019/07/23,1.7561
2019/07/24,1.8104
2019/07/25,-13.6137
2019/07/26,-0.3409
2019/07/29,3.3898
2019/07/30,2.7527
2019/07/31,-0.2683
2019/08/01,-3.2118
2019/08/02,0.2095
2019/08/05,-2.5689
2019/08/06,1.0643
2019/08/07,1.1571
2019/08/08,2.0907
2019/08/09,-1.3806
2019/08/12,-2.5531
2019/08/13,2.6156
2019/08/14,-6.5447
2019/08/15,-1.8122
2019/08/16,1.9941
2019/08/19,3.1327
2019/08/20,-0.4276
2019/08/21,-2.227
2019/08/22,0.5977
2019/08/23,-4.8391
2019/08/26,1.7029
2019/08/27,-0.4279
2019/08/28,0.7053
2019/08/29,2.8387
2019/08/30,1.7591
2019/09/03,-0.2659
2019/09/04,-1.9244
2019/09/05,4.033
2019/09/06,-0.9278
2019/09/09,1.9081
2019/09/10,1.6178
2019/09/11,4.9079
2019/09/12,-0.4978
2019/09/13,-0.2725
2019/09/16,-0.9747
2019/09/17,0.8155
2019/09/18,-0.5311
2019/09/19,1.2773
2019/09/20,-2.425
2019/09/23,0.2535
2019/09/24,-7.47
2019/09/25,2.4596
2019/09/26,6.0603
2019/09/27,-0.1773
2019/09/30,-0.5204
2019/10/01,1.5859
2019/10/02,-0.6375
2019/10/03,-4.1542
2019/10/04,-0.6866
2019/10/07,2.7179
2019/10/08,0.9801
2019/10/09,1.8663
2019/10/10,0.0859
2019/10/11,1.2871
2019/10/14,3.6589
2019/10/15,0.3619
2019/10/16,0.7212
2019/10/17,0.8547
2019/10/18,-1.9162
2019/10/21,-1.3427
2019/10/22,0.8205
2019/10/23,-0.3521
2019/10/24,17.6692
2019/10/25,9.4935
2019/10/28,-0.128
2019/10/29,-3.5061
2019/10/30,-0.3826
2019/10/31,-0.0286
2019/11/01,-0.5112
2019/11/04,1.3278
2019/11/05,-0.0787
2019/11/06,2.9506
2019/11/07,2.7436
2019/11/08,0.4768
2019/11/11,2.3581
2019/11/12,1.4025
2019/11/13,-1.0916
2019/11/14,0.9361
2019/11/15,0.8072
2019/11/18,-0.619
2019/11/19,2.7229
2019/11/20,-2.0305
2019/11/21,0.741
2019/11/22,-6.141
2019/11/25,0.9909
2019/11/26,-2.2061
2019/11/27,0.7205
2019/11/29,-0.4075
2019/12/02,1.4942
2019/12/03,0.3972
2019/12/04,-0.9429
2019/12/05,-0.7987
2019/12/06,1.6709
2019/12/09,1.0837
2019/12/10,2.742
2019/12/11,1.1065
2019/12/12,1.979
2019/12/13,-0.3587
2019/12/16,6.4483
2019/12/17,-0.6579
2019/12/18,3.7362
2019/12/19,2.7699
2019/12/20,0.3836
2019/12/23,3.3605
2019/12/24,1.4384
2019/12/26,1.338
2019/12/27,-0.1299
2019/12/30,-3.6433
2019/12/31,0.8753
2020/01/02,2.8518
2020/01/03,2.9633
2020/01/06,1.9255
2020/01/07,3.8801
2020/01/08,4.9205
2020/01/09,-2.1945
2020/01/10,-0.6627
2020/01/13,9.7689
2020/01/14,2.4883
2020/01/15,-3.6102
2020/01/16,-0.9662
2020/01/17,-0.5823
2020/01/21,7.189
2020/01/22,4.0863
2020/01/23,0.4635
2020/01/24,-1.2898
2020/01/27,-1.2039
2020/01/28,1.5913
2020/01/29,2.4854
2020/01/30,10.2962
2020/01/31,1.5231
2020/02/03,19.8949
2020/02/04,13.7256
2020/02/05,-17.1758
2020/02/06,1.9409
2020/02/07,-0.1188
2020/02/10,3.1027
2020/02/11,0.4019
2020/02/12,-0.9156
2020/02/13,4.7844
2020/02/14,-0.4938
2020/02/18,7.296
2020/02/19,6.8756
2020/02/20,-1.9631
2020/02/21,0.1768
2020/02/24,-7.4595
2020/02/25,-4.0634
2020/02/26,-2.639
2020/02/27,-12.8146
2020/02/28,-1.6215
2020/03/02,11.322
2020/03/03,0.2542
2020/03/04,0.5352
2020/03/05,-3.3302
2020/03/06,-2.9067
2020/03/09,-13.5725
2020/03/10,6.1398
2020/03/11,-1.7201
2020/03/12,-11.6172
2020/03/13,-2.4851
2020/03/16,-18.5778
2020/03/17,-3.341
2020/03/18,-16.0344
2020/03/19,18.3877
2020/03/20,-0.0257
2020/03/23,1.5812
2020/03/24,16.2817
2020/03/25,6.7822
2020/03/26,-2.0566
2020/03/27,-2.6128
2020/03/30,-2.3777
2020/03/31,4.3554
2020/04/01,-8.0992
2020/04/02,-5.6255
2020/04/03,5.6197
2020/04/06,7.5478
2020/04/07,5.6582
2020/04/08,0.6215
2020/04/09,4.402
2020/04/13,13.6038
2020/04/14,9.0545
2020/04/15,2.8089
2020/04/16,2.1073
2020/04/17,1.1648
2020/04/20,-0.9988
2020/04/21,-7.9908
2020/04/22,6.6097
2020/04/23,-3.6169
2020/04/24,2.7663
2020/04/27,10.1496
2020/04/28,-3.7095
2020/04/29,4.0813
2020/04/30,-2.3273
2020/05/01,-10.3034
2020/05/04,8.5368
2020/05/05,0.9222
2020/05/06,1.8706
2020/05/07,-0.3246
2020/05/08,5.0485
2020/05/11,-0.9922
2020/05/12,-0.2317
2020/05/13,-2.2794
2020/05/14,1.5639
2020/05/15,-0.5178
2020/05/18,1.8094
2020/05/19,-0.6907
2020/05/20,0.9344
2020/05/21,1.4763
2020/05/22,-1.2953
2020/05/26,0.2436
2020/05/27,0.1661
2020/05/28,-1.758
2020/05/29,3.6224
2020/06/01,7.5569
2020/06/02,-1.8417
2020/06/03,0.1588
2020/06/04,-2.1043
2020/06/05,2.4619
2020/06/08,7.2556
2020/06/09,-0.9738
2020/06/10,8.9702
2020/06/11,-5.0934
2020/06/12,-3.8609
2020/06/15,5.9469
2020/06/16,-0.8851
2020/06/17,0.9836
2020/06/18,1.2271
2020/06/19,-0.3048
2020/06/22,-0.6574
2020/06/23,0.7503
2020/06/24,-4.0857
2020/06/25,2.6154
2020/06/26,-2.6613
2020/06/29,5.1691
2020/06/30,6.9807
2020/07/01,3.6877
2020/07/02,7.9517
2020/07/06,13.4794
2020/07/07,1.3328
2020/07/08,-1.7254
2020/07/09,2.0792
2020/07/10,10.7848
2020/07/13,-3.081
2020/07/14,1.3186
2020/07/15,1.9258
2020/07/16,-2.9347
2020/07/17,0.0133
2020/07/20,9.472
2020/07/21,-4.5429
2020/07/22,1.5283
2020/07/23,-4.9776
2020/07/24,-6.3493
2020/07/27,8.6521
2020/07/28,-4.0991
2020/07/29,1.532
2020/07/30,-0.7751
2020/07/31,-3.8138
2020/08/03,3.791
2020/08/04,0.1347
2020/08/05,-0.1332
2020/08/06,0.3071
2020/08/07,-2.4752
2020/08/10,-2.3501
2020/08/11,-3.1144
2020/08/12,13.1236
2020/08/13,4.2605
2020/08/14,1.8328
2020/08/17,11.2031
2020/08/18,2.8028
2020/08/19,-0.4536
2020/08/20,6.5636
2020/08/21,2.4053
2020/08/24,-1.7454
2020/08/25,0.4538
2020/08/26,6.4166
2020/08/27,3.9746
2020/08/28,-1.1323
2020/08/31,12.5689
2020/09/01,-4.6697
2020/09/02,-5.8268
2020/09/03,-9.0239
2020/09/04,2.7813
2020/09/08,-21.0628
2020/09/09,10.9234
2020/09/10,1.3815
2020/09/11,0.3716
2020/09/14,12.5832
2020/09/15,7.1827
2020/09/16,-1.7787
2020/09/17,-4.1493
2020/09/18,4.421
2020/09/21,1.6375
2020/09/22,-5.5987
2020/09/23,-10.3411
2020/09/24,1.9534
2020/09/25,5.0414
2020/09/28,3.4026
2020/09/29,-0.5057
2020/09/30,2.3719
2020/10/01,4.4638
2020/10/02,-7.3791
2020/10/05,2.5513
2020/10/06,-2.7485
2020/10/07,2.7344
2020/10/08,0.1458
2020/10/09,1.8971
2020/10/12,1.9124
2020/10/13,0.9835
2020/10/14,3.28
2020/10/15,-2.6924
2020/10/16,-2.0518
2020/10/19,-2.0106
2020/10/20,-2.0635
2020/10/21,0.1659
2020/10/22,0.7453
2020/10/23,-1.2119
2020/10/26,-0.0832
2020/10/27,1.0469
2020/10/28,-4.3939
2020/10/29,1.1847
2020/10/30,-5.5473
2020/11/02,3.2136
2020/11/03,5.8401
2020/11/04,-0.6888
2020/11/05,4.0643
2020/11/06,-1.8581
2020/11/09,-2.0212
2020/11/10,-2.5875
2020/11/11,1.6498
2020/11/12,-1.2874
2020/11/13,-0.7917
2020/11/16,-0.1004
2020/11/17,8.2139
2020/11/18,10.1968
2020/11/19,2.5953
2020/11/20,-1.9348
2020/11/23,6.5848
2020/11/24,6.4252
2020/11/25,3.3527
2020/11/27,2.0488
2020/11/30,-3.1002
2020/12/01,3.0233
2020/12/02,-2.7259
2020/12/03,4.3177
2020/12/04,0.9539
2020/12/07,7.1314
2020/12/08,1.2653
2020/12/09,-6.9859
2020/12/10,3.7371
2020/12/11,-2.7238
2020/12/14,4.8919
2020/12/15,-1.0284
2020/12/16,-1.655
2020/12/17,5.3198
2020/12/18,5.9613
2020/12/21,-6.495
2020/12/22,-1.4649
2020/12/23,0.8808
2020/12/24,2.4443
2020/12/28,0.2901
2020/12/29,0.3465
2020/12/30,4.3229
2020/12/31,1.5674
2021/01/04,3.4152
2021/01/05,0.7317
2021/01/06,2.839
2021/01/07,7.9447
2021/01/08,7.8403
2021/01/11,-7.8214
2021/01/12,4.7153
2021/01/13,0.5851
2021/01/14,-1.1013
2021/01/15,-2.2296
2021/01/19,2.226
2021/01/20,0.6986
2021/01/21,-0.642
2021/01/22,0.1953
2021/01/25,4.0348
2021/01/26,0.26
2021/01/27,-2.1436
2021/01/28,-3.3246
2021/01/29,-5.0154
2021/02/01,5.8322
2021/02/02,3.9271
2021/02/03,-2.0738
2021/02/04,-0.5499
2021/02/05,0.2635
2021/02/08,1.313
2021/02/09,-1.6168
2021/02/10,-5.2551
2021/02/11,0.8499
2021/02/12,0.5495
2021/02/16,-2.4384
2021/02/17,0.2424
2021/02/18,-1.3494
2021/02/19,-0.7722
2021/02/22,-8.5499
2021/02/23,-2.1917
2021/02/24,6.1788
2021/02/25,-8.0591
2021/02/26,-0.985
2021/03/01,6.3553
2021/03/02,-4.4528
2021/03/03,-4.8424
2021/03/04,-4.8622
2021/03/05,-3.7799
2021/03/08,-5.845
2021/03/09,19.6412
2021/03/10,-0.8195
2021/03/11,4.7211
2021/03/12,-0.8391
2021/03/15,2.0483
2021/03/16,-4.3874
2021/03/17,3.6831
2021/03/18,-6.9321
2021/03/19,0.2618
2021/03/22,2.3104
2021/03/23,-1.1701
2021/03/24,-4.8161
2021/03/25,1.6057
2021/03/26,-3.3854
2021/03/29,-1.1993
2021/03/30,3.9801
2021/03/31,5.0832
2021/04/01,-0.9252
2021/04/05,4.4277
2021/04/06,0.0825
2021/04/07,-2.9857
2021/04/08,1.9122
2021/04/09,-0.9915
2021/04/12,3.6867
2021/04/13,8.5957
2021/04/14,-3.9472
2021/04/15,0.9041
2021/04/16,0.1259
2021/04/19,-3.3997
2021/04/20,0.6101
2021/04/21,3.4952
2021/04/22,-3.2831
2021/04/23,1.3492
2021/04/26,1.2065
2021/04/27,-4.5326
2021/04/28,-1.4672
2021/04/29,-2.5058
2021/04/30,4.7917
2021/05/03,-3.4591
2021/05/04,-1.6499
2021/05/05,-0.3949
2021/05/06,-1.1029
2021/05/07,1.3307
2021/05/10,-6.4444
2021/05/11,-1.8822
2021/05/12,-4.4248
2021/05/13,-3.0853
2021/05/14,3.1573
2021/05/17,-2.1891
2021/05/18,0.1803
2021/05/19,-2.4936
2021/05/20,4.1387
2021/05/21,-1.0055
2021/05/24,4.4002
2021/05/25,-0.2886
2021/05/26,2.388
2021/05/27,1.893
2021/05/28,-0.8924
2021/06/01,-0.2111
2021/06/02,-3.0101
2021/06/03,-5.3345
2021/06/04,4.5754
2021/06/07,1.0149
2021/06/08,-0.2545
2021/06/09,-0.7969
2021/06/10,1.8939
2021/06/11,-0.0377
2021/06/14,1.2789
2021/06/15,-2.9675
2021/06/16,0.9193
2021/06/17,1.9393
2021/06/18,1.0882
2021/06/21,-0.3979
2021/06/22,0.4639
2021/06/23,5.2685
2021/06/24,3.5411
2021/06/25,-1.1694
2021/06/28,2.5079
2021/06/29,-1.1558
2021/06/30,-0.1557
2021/07/01,-0.2619
2021/07/02,0.1446
2021/07/06,-2.8458
2021/07/07,-2.2636
2021/07/08,1.2658
2021/07/09,0.6342
2021/07/12,4.3763
2021/07/13,-2.5026
2021/07/14,-2.2676
2021/07/15,-0.4255
2021/07/16,-0.9806
2021/07/19,0.3105
2021/07/20,2.2098
2021/07/21,-0.7888
2021/07/22,-0.9202
2021/07/23,-0.9056
2021/07/26,2.2133
2021/07/27,-1.9525
2021/07/28,0.3412
2021/07/29,4.6941
2021/07/30,1.4542
2021/08/02,3.2698
2021/08/03,0.0099
2021/08/04,0.1663
2021/08/05,0.5219
2021/08/06,-2.1732
2021/08/09,2.097
2021/08/10,-0.5282
2021/08/11,-0.3056
2021/08/12,2.0387
2021/08/13,-0.7034
2021/08/16,-4.3225
2021/08/17,-2.9818
2021/08/18,3.497
2021/08/19,-2.2526
2021/08/20,1.0082
2021/08/23,3.8279
2021/08/24,0.3101
2021/08/25,0.3825
2021/08/26,-1.4117
2021/08/27,1.5346
2021/08/30,2.6674
2021/08/31,0.6581
2021/09/01,-0.2216
2021/09/02,-0.2316
2021/09/03,0.1611
2021/09/07,2.6378
2021/09/08,0.1262
2021/09/09,0.1313
2021/09/10,-2.4627
2021/09/13,0.9141
2021/09/14,0.2005
2021/09/15,1.5232
2021/09/16,0.1535
2021/09/17,0.3303
2021/09/20,-3.8605
2021/09/21,1.2614
2021/09/22,1.6987
2021/09/23,0.2261
2021/09/24,2.7533
2021/09/27,2.1914
2021/09/28,-1.7438
2021/09/29,0.4823
2021/09/30,-0.7462
2021/10/01,-0.0335
2021/10/04,0.814
2021/10/05,-0.1203
2021/10/06,0.2767
2021/10/07,1.3874
2021/10/08,-1.0232
2021/10/11,0.8211
2021/10/12,1.74
2021/10/13,0.6652
2021/10/14,0.8926
2021/10/15,3.0196
2021/10/18,3.2122
2021/10/19,-0.6712
2021/10/20,0.177
2021/10/21,3.2571
2021/10/22,1.7539
2021/10/25,12.6616
2021/10/26,-0.6274
2021/10/27,1.9078
2021/10/28,3.7751
2021/10/29,3.4316
2021/11/01,8.491
2021/11/02,-3.0275
2021/11/03,3.5717
2021/11/04,1.3222
2021/11/05,-0.6358
2021/11/08,-4.8401
2021/11/09,-11.9903
2021/11/10,4.3429
2021/11/11,-0.4157
2021/11/12,-2.8293
2021/11/15,-1.9382
2021/11/16,4.0794
2021/11/17,3.2501
2021/11/18,0.6768
2021/11/19,3.7104
2021/11/22,1.7422
2021/11/23,-4.1353
2021/11/24,0.6285
2021/11/26,-3.0538
2021/11/29,5.09
2021/11/30,0.6834
2021/12/01,-4.3468
2021/12/02,-0.9498
2021/12/03,-6.4199
2021/12/06,-0.5872
2021/12/07,4.2358
2021/12/08,1.6363
2021/12/09,-6.0956
2021/12/10,1.318
2021/12/13,-4.9772
2021/12/14,-0.8175
2021/12/15,1.8237
2021/12/16,-5.0277
2021/12/17,0.6095
2021/12/20,-3.4989
2021/12/21,4.2881
2021/12/22,7.4947
2021/12/23,5.7619
2021/12/27,2.5248
2021/12/28,-0.5
2021/12/29,-0.2095
2021/12/30,-1.4592
2021/12/31,-1.2669
2022/01/03,13.5317
2022/01/04,-4.1833
2022/01/05,-5.3471
2022/01/06,-2.1523
2022/01/07,-3.5447
2022/01/10,3.0342
2022/01/11,0.5935
2022/01/12,3.929
2022/01/13,-6.7491
2022/01/14,1.7498
2022/01/18,-1.8197
2022/01/19,-3.3828
2022/01/20,0.0623
2022/01/21,-5.2566
2022/01/24,-1.4726
2022/01/25,-1.2473
2022/01/26,2.0699
2022/01/27,-11.5542
2022/01/28,2.0806
2022/01/31,10.6776
2022/02/01,-0.584
2022/02/02,-2.7479
2022/02/03,-1.6033
2022/02/04,3.6111
2022/02/07,-1.7307
2022/02/08,1.6157
2022/02/09,1.0846
2022/02/10,-2.9453
2022/02/11,-4.9251
2022/02/14,1.8326
2022/02/15,5.3291
2022/02/16,0.1041
2022/02/17,-5.0943
2022/02/18,-2.2103
2022/02/22,-4.1366
2022/02/23,-6.9979
2022/02/24,4.8073
2022/02/25,1.1364
2022/02/28,7.4777
2022/03/01,-0.6962
2022/03/02,1.7955
2022/03/03,-4.6142
2022/03/04,-0.1191
2022/03/07,-4.0213
2022/03/08,2.4634
2022/03/09,4.1934
2022/03/10,-2.4064
2022/03/11,-5.1235
2022/03/14,-3.6437
2022/03/15,4.6348
2022/03/16,4.7812
2022/03/17,3.7335
2022/03/18,3.8768
2022/03/21,1.7418
2022/03/22,7.9052
2022/03/23,0.5161
2022/03/24,1.4823
2022/03/25,-0.3235
2022/03/28,8.0345
2022/03/29,0.708
2022/03/30,-0.5075
2022/03/31,-1.4982
2022/04/01,0.6487
2022/04/04,5.6113
2022/04/05,-4.7309
2022/04/06,-4.1695
2022/04/07,1.0997
2022/04/08,-3.0049
2022/04/11,-4.8328
2022/04/12,1.1292
2022/04/13,3.5888
2022/04/14,-3.6552
2022/04/18,1.9584
2022/04/19,2.3758
2022/04/20,-4.9555
2022/04/21,3.2317
2022/04/22,-0.3698
2022/04/25,-0.6995
2022/04/26,-12.1841
2022/04/27,0.5808
2022/04/28,-0.4538
2022/04/29,-0.7692
2022/05/02,3.6956
2022/05/03,0.6988
2022/05/04,4.7699
2022/05/05,-8.3286
2022/05/06,-0.8737
2022/05/09,-9.073
2022/05/10,1.6427
2022/05/11,-8.2546
2022/05/12,-0.8174
2022/05/13,5.7129
2022/05/16,-5.8759
2022/05/17,5.141
2022/05/18,-6.8014
2022/05/19,-0.0549
2022/05/20,-6.4165
2022/05/23,1.6569
2022/05/24,-6.9255
2022/05/25,4.8777
2022/05/26,7.4271
2022/05/27,7.3333
2022/05/31,-0.1804
2022/06/01,-2.3593
2022/06/02,4.6774
2022/06/03,-9.2194
2022/06/06,1.6047
2022/06/07,0.2546
2022/06/08,1.2475
2022/06/09,-0.8931
2022/06/10,-3.1191
2022/06/13,-7.1022
2022/06/14,2.3887
2022/06/15,5.4824
2022/06/16,-8.5408
2022/06/17,1.7175
2022/06/21,9.3544
2022/06/22,-0.4008
2022/06/23,-0.4306
2022/06/24,4.5249
2022/06/27,-0.3202
2022/06/28,-5.0044
2022/06/29,-1.7937
2022/06/30,-1.7579
2022/07/01,1.2429
2022/07/05,2.5536
2022/07/06,-0.5721
2022/07/07,5.5279
2022/07/08,2.5435
2022/07/11,-6.548
2022/07/12,-0.5434
2022/07/13,1.7034
2022/07/14,0.5372
2022/07/15,0.7357
2022/07/18,0.1999
2022/07/19,2.0717
2022/07/20,0.8023
2022/07/21,9.7805
2022/07/22,0.1975
2022/07/25,-1.3995
2022/07/26,-3.5664
2022/07/27,6.1655
2022/07/28,2.2124
2022/07/29,5.785
2022/08/01,0.0426
2022/08/02,1.1134
2022/08/03,2.2656
2022/08/04,0.4023
2022/08/05,-6.6303
2022/08/08,0.7819
2022/08/09,-2.4413
2022/08/10,3.8906
2022/08/11,-2.6249
2022/08/12,4.675
2022/08/15,3.0964
2022/08/16,-0.8912
2022/08/17,-0.8372
2022/08/18,-0.3706
2022/08/19,-2.0482
2022/08/22,-2.2764
2022/08/23,2.2558
2022/08/24,0.217
2022/08/25,-0.3456
2022/08/26,-2.6953
2022/08/29,-1.1351
2022/08/30,-2.4998
2022/08/31,-0.7526
2022/09/01,0.5624
2022/09/02,-2.5076
2022/09/06,1.558
2022/09/07,3.3817
2022/09/08,1.9598
2022/09/09,3.6023
2022/09/12,1.5817
2022/09/13,-4.0372
2022/09/14,3.5874
2022/09/15,0.3767
2022/09/16,-0.1317
2022/09/19,1.8856
2022/09/20,-0.11
2022/09/21,-2.5686
2022/09/22,-4.0592
2022/09/23,-4.5948
2022/09/26,0.247
2022/09/27,2.5108
2022/09/28,1.7212
2022/09/29,-6.81
2022/09/30,-1.1036
2022/10/03,-8.6145
2022/10/04,2.9043
2022/10/05,-3.4597
2022/10/06,-1.1129
2022/10/07,-6.3243
2022/10/10,-0.0493
2022/10/11,-2.8974
2022/10/12,0.3418
2022/10/13,2.0622
2022/10/14,-7.5456
2022/10/17,7.0052
2022/10/18,0.3829
2022/10/19,0.8402
2022/10/20,-6.6475
2022/10/21,3.4543
2022/10/24,-1.4876
2022/10/25,5.2852
2022/10/26,1.0004
2022/10/27,0.2003
2022/10/28,1.5238
2022/10/31,-0.4288
2022/11/01,0.1231
2022/11/02,-5.636
2022/11/03,0.1535
2022/11/04,-3.6413
2022/11/07,-5.008
2022/11/08,-2.9328
2022/11/09,-7.1668
2022/11/10,7.3934
2022/11/11,2.7527
2022/11/14,-2.5616
2022/11/15,1.8172
2022/11/16,-3.8576
2022/11/17,-2.0062
2022/11/18,-1.6269
2022/11/21,-6.8372
2022/11/22,1.2152
2022/11/23,7.8218
2022/11/25,-0.1856
2022/11/28,0.0328
2022/11/29,-1.1426
2022/11/30,7.6702
2022/12/02,0.0822
2022/12/05,-6.3687
2022/12/06,-1.4415
2022/12/07,-3.2143
2022/12/08,-0.3447
2022/12/09,3.2345
2022/12/12,-6.272
2022/12/13,-4.0937
2022/12/14,-2.5784
2022/12/15,0.5548
2022/12/16,-4.7187
2022/12/19,-0.2396
2022/12/20,-8.0536
2022/12/21,-0.1669
2022/12/22,-8.8828
2022/12/23,-1.7551
2022/12/27,-11.4089
2022/12/28,3.3089
2022/12/29,8.0827
2022/12/30,1.1164
